{
  "pt_edges": [
    8.0,
    10.0,
    12.0,
    14.0,
    16.0,
    18.0,
    20.0,
    22.0,
    24.0,
    26.0,
    28.0,
    32.0,
    36.0
  ],
  "per_pt": {
    "unconv": {
      "n_truth": [
        100901,
        396370,
        166222,
        72887,
        33647,
        16290,
        8195,
        4340,
        2288,
        1190,
        1051,
        337
      ],
      "n_reco": [
        55894,
        255206,
        111576,
        49212,
        22665,
        10819,
        5416,
        2855,
        1502,
        752,
        652,
        197
      ],
      "n_reco_ns": [
        55894,
        255206,
        111576,
        49212,
        22665,
        10819,
        5416,
        2855,
        1502,
        752,
        652,
        197
      ],
      "n_id": [
        43235,
        198531,
        88043,
        39725,
        18640,
        9078,
        4669,
        2502,
        1333,
        680,
        600,
        177
      ],
      "n_iso": [
        38290,
        168744,
        70934,
        30432,
        13812,
        6353,
        3192,
        1708,
        874,
        434,
        338,
        94
      ],
      "n_all": [
        29316,
        129854,
        55367,
        24379,
        11265,
        5313,
        2759,
        1502,
        783,
        397,
        320,
        84
      ],
      "eps_reco": [
        0.5539489202287391,
        0.6438580114539445,
        0.6712468866936988,
        0.6751821312442549,
        0.6736113175023033,
        0.6641497851442603,
        0.6608907870652837,
        0.6578341013824884,
        0.6564685314685315,
        0.6319327731092437,
        0.6203615604186489,
        0.5845697329376854
      ],
      "eps_reco_err": [
        0.0015648741710466497,
        0.000760599881264228,
        0.0011522104974001862,
        0.0017346241508321683,
        0.002556224889316244,
        0.0037003711926782454,
        0.005229499964284416,
        0.0072016446604819696,
        0.009928010074015626,
        0.013980591089429516,
        0.014969461293935263,
        0.026844312112472457
      ],
      "eps_id": [
        0.4284893113051407,
        0.5008729217650175,
        0.5296711626619822,
        0.5450217459903687,
        0.5539869824947247,
        0.5572744014732965,
        0.5697376449054301,
        0.5764976958525345,
        0.5826048951048951,
        0.5714285714285714,
        0.570884871550904,
        0.5252225519287834
      ],
      "eps_id_err": [
        0.0015578815709711166,
        0.0007941800150011599,
        0.0012242206940526637,
        0.0018444937909264602,
        0.002709881955186881,
        0.003891717629819005,
        0.005469273658187575,
        0.007500354869166017,
        0.010309384331303195,
        0.01434561272152668,
        0.01526721501814549,
        0.02720205868421261
      ],
      "eps_iso": [
        0.37948087729556695,
        0.4257234402199965,
        0.42674254912105497,
        0.41752301507813466,
        0.410497221148988,
        0.3899938612645795,
        0.3895057962172056,
        0.3935483870967742,
        0.381993006993007,
        0.36470588235294116,
        0.32159847764034255,
        0.2789317507418398
      ],
      "eps_iso_err": [
        0.0015276532827864899,
        0.0007853693315405552,
        0.0012131474114983872,
        0.0018266467034088545,
        0.0026817906050521654,
        0.0038215139222701477,
        0.00538670578919566,
        0.0074157022051807115,
        0.010157723593504168,
        0.013953569518019569,
        0.01440784544249159,
        0.024429929421568634
      ],
      "eps_all": [
        0.2905422146460392,
        0.32760804299013546,
        0.33309068595011493,
        0.3344766556450396,
        0.33479953636282583,
        0.3261510128913444,
        0.3366687004270897,
        0.34608294930875577,
        0.34222027972027974,
        0.33361344537815124,
        0.3044719314938154,
        0.24925816023738873
      ],
      "eps_all_err": [
        0.0014292893758042354,
        0.0007454836867329668,
        0.0011560334060110595,
        0.0017475898566595464,
        0.0025727377647802255,
        0.003673077684108892,
        0.005220260041115471,
        0.007221153346014821,
        0.009918936291019465,
        0.013668202516589848,
        0.014194810647252797,
        0.023564327626226584
      ],
      "eps_id_cond": [
        0.7735177299889076,
        0.7779245002076753,
        0.7890854664085466,
        0.8072218158172804,
        0.8224134127509376,
        0.8390793973565025,
        0.8620753323485968,
        0.8763572679509632,
        0.8874833555259654,
        0.9042553191489362,
        0.9202453987730062,
        0.8984771573604061
      ],
      "eps_id_cond_err": [
        0.0017703928448691755,
        0.0008227608317451094,
        0.0012213211606383638,
        0.0017782379736993865,
        0.0025384716135361043,
        0.0035327572275276396,
        0.004685481790140006,
        0.006160583332072862,
        0.008153677463900066,
        0.01072985723838421,
        0.010609768390101196,
        0.021518019253612384
      ],
      "eps_iso_cond": [
        0.6850466955308262,
        0.6612070249132074,
        0.6357460385746039,
        0.6183857595708364,
        0.6093977498345466,
        0.5872076901746927,
        0.5893648449039882,
        0.5982486865148862,
        0.5818908122503329,
        0.5771276595744681,
        0.5184049079754601,
        0.47715736040609136
      ],
      "eps_iso_cond_err": [
        0.0019647195979578163,
        0.000936894064361514,
        0.00144065031727381,
        0.002189810423053559,
        0.0032407082285642787,
        0.004733344408612576,
        0.006684683496208086,
        0.00917521972227635,
        0.012727134659346448,
        0.018014892041789955,
        0.019568240645671087,
        0.035586329849597864
      ]
    },
    "conv": {
      "n_truth": [
        21083,
        83644,
        34831,
        15168,
        6979,
        3353,
        1736,
        842,
        479,
        280,
        207,
        83
      ],
      "n_reco": [
        7804,
        41019,
        20310,
        9536,
        4426,
        2159,
        1174,
        538,
        296,
        180,
        125,
        46
      ],
      "n_reco_ns": [
        7804,
        41019,
        20310,
        9536,
        4426,
        2159,
        1174,
        538,
        296,
        180,
        125,
        46
      ],
      "n_id": [
        4609,
        23226,
        11595,
        5457,
        2510,
        1209,
        659,
        289,
        172,
        109,
        80,
        29
      ],
      "n_iso": [
        4846,
        21710,
        9216,
        4166,
        1964,
        978,
        531,
        255,
        162,
        103,
        64,
        23
      ],
      "n_all": [
        2842,
        12742,
        5538,
        2604,
        1168,
        581,
        311,
        136,
        93,
        63,
        45,
        15
      ],
      "eps_reco": [
        0.3701560498980221,
        0.49039978958442926,
        0.5831012603715081,
        0.6286919831223629,
        0.6341882791230835,
        0.6439009841932598,
        0.6762672811059908,
        0.6389548693586699,
        0.6179540709812108,
        0.6428571428571429,
        0.6038647342995169,
        0.5542168674698795
      ],
      "eps_reco_err": [
        0.0033253908898951833,
        0.00172851256239312,
        0.0026418266051287938,
        0.003923033026244134,
        0.005765557592752819,
        0.008269479109621777,
        0.011229944889384226,
        0.016552355010431234,
        0.022200774739578204,
        0.02863513306204547,
        0.03399432440330523,
        0.05455852735374259
      ],