{
  "1p5mrad": {
    "run_range": [
      51274,
      54000
    ],
    "lumi_pb_inv": 16.8588,
    "f_double": 0.079,
    "z_cut_cm": 83.0,
    "binning": {
      "z_min": -200.0,
      "z_max": 200.0,
      "n_bins": 80,
      "centers": [
        -197.5,
        -192.5,
        -187.5,
        -182.5,
        -177.5,
        -172.5,
        -167.5,
        -162.5,
        -157.5,
        -152.5,
        -147.5,
        -142.5,
        -137.5,
        -132.5,
        -127.5,
        -122.5,
        -117.5,
        -112.5,
        -107.5,
        -102.5,
        -97.5,
        -92.5,
        -87.5,
        -82.5,
        -77.5,
        -72.5,
        -67.5,
        -62.5,
        -57.5,
        -52.5,
        -47.5,
        -42.5,
        -37.5,
        -32.5,
        -27.5,
        -22.5,
        -17.5,
        -12.5,
        -7.5,
        -2.5,
        2.5,
        7.5,
        12.5,
        17.5,
        22.5,
        27.5,
        32.5,
        37.5,
        42.5,
        47.5,
        52.5,
        57.5,
        62.5,
        67.5,
        72.5,
        77.5,
        82.5,
        87.5,
        92.5,
        97.5,
        102.5,
        107.5,
        112.5,
        117.5,
        122.5,
        127.5,
        132.5,
        137.5,
        142.5,
        147.5,
        152.5,
        157.5,
        162.5,
        167.5,
        172.5,
        177.5,
        182.5,
        187.5,
        192.5,
        197.5
      ]
    },
    "stage1": {
      "sigma_gen": 64.9969548337677,
      "sigma_tgt": 15.699246245162614,
      "chi2_per_ndf": 3236.9944208976012,
      "ndf": 33
    },
    "stage2": {
      "residual_max": 0.6143014874103765
    },
    "iterative": {
      "sigma_seed": 21.483451018203354,
      "n_iterations": 30,
      "converged": false,
      "max_residual_in_window": 0.14945608254157916,
      "chi2_per_ndf": 20.889456365939907,
      "ndf_in_window": 33,
      "initial_chi2": 1419454.1649877136,
      "final_chi2": 689.352060076017,
      "initial_max_res": 0.6349170085931841,
      "final_max_res": 0.14666958698434696
    },
    "data_percentiles": {
      "50": 10.633612632751465,
      "95": 39.19647369384765,
      "99": 82.01003448486324,
      "99.5": 104.03012535095192,
      "n_events_in_period": 22057247
    },
    "data_std": 21.435776004823715,
    "data_mean": -0.19392680188423378,
    "n_bins_in_closure": 34
  },
  "0mrad": {
    "run_range": [
      47289,
      51274
    ],
    "lumi_pb_inv": 32.6574,
    "f_double": 0.224,
    "z_cut_cm": 144.0,
    "binning": {
      "z_min": -200.0,
      "z_max": 200.0,
      "n_bins": 80,
      "centers": [
        -197.5,
        -192.5,
        -187.5,
        -182.5,
        -177.5,
        -172.5,
        -167.5,
        -162.5,
        -157.5,
        -152.5,
        -147.5,
        -142.5,
        -137.5,
        -132.5,
        -127.5,
        -122.5,
        -117.5,
        -112.5,
        -107.5,
        -102.5,
        -97.5,
        -92.5,
        -87.5,
        -82.5,
        -77.5,
        -72.5,
        -67.5,
        -62.5,
        -57.5,
        -52.5,
        -47.5,
        -42.5,
        -37.5,
        -32.5,
        -27.5,
        -22.5,
        -17.5,
        -12.5,
        -7.5,
        -2.5,
        2.5,
        7.5,
        12.5,
        17.5,
        22.5,
        27.5,
        32.5,
        37.5,
        42.5,
        47.5,
        52.5,
        57.5,
        62.5,
        67.5,
        72.5,
        77.5,
        82.5,
        87.5,
        92.5,
        97.5,
        102.5,
        107.5,
        112.5,
        117.5,
        122.5,
        127.5,
        132.5,
        137.5,
        142.5,
        147.5,
        152.5,
        157.5,
        162.5,
        167.5,
        172.5,
        177.5,
        182.5,
        187.5,
        192.5,
        197.5
      ]
    },
    "stage1": {
      "sigma_gen": 64.9969548337677,
      "sigma_tgt": 54.643268741414225,
      "chi2_per_ndf": 453.9674021772385,
      "ndf": 57
    },
    "stage2": {
      "residual_max": 0.030875331149791463
    },
    "iterative": {
      "sigma_seed": 54.32266461837725,
      "n_iterations": 7,
      "converged": true,
      "max_residual_in_window": 0.011975236678642975,
      "chi2_per_ndf": 3.719820111389179,
      "ndf_in_window": 57,
      "initial_chi2": 26588.758241503576,
      "final_chi2": 212.0297463491832,
      "initial_max_res": 0.07898222339283212,
      "final_max_res": 0.009607039095338887
    },
    "data_percentiles": {
      "50": 35.83245086669922,
      "95": 107.36357192993165,
      "99": 143.92308044433594,
      "99.5": 157.67670043945327,
      "n_events_in_period": 48515339
    },
    "data_std": 54.303442770072586,
    "data_mean": -0.641156992045384,
    "n_bins_in_closure": 58
  }
}